CREATE DATABASE HOTEL_MANAGEMENT
USE HOTEL_MANAGEMENT
CREATE TABLE USERLOGIN(Users VARCHAR(15) CONSTRAINT USR_UN UNIQUE,Password VARCHAR(15) NOT NULL)
CREATE TABLE EMPLOYEES(ID VARCHAR(6) CONSTRAINT ID_PK PRIMARY KEY,NAME VARCHAR(20) NOT NULL, DESIGNATION VARCHAR(20),ADDRESS VARCHAR(50),TELEPHONE VARCHAR(15),"E-MAIL" VARCHAR(30),FAX VARCHAR(30))
CREATE TABLE ROOMS("ROOM NO" SMALLINT CONSTRAINT RM_PK PRIMARY KEY,Category VARCHAR(30),Description VARCHAR(70))
CREATE TABLE ROOMINFO("Floor No" SMALLINT NOT NULL,"Room No" SMALLINT FOREIGN KEY REFERENCES ROOMS("ROOM NO"),STATUS VARCHAR(20),"ASSIGNED TO" VARCHAR(30))
CREATE TABLE ROOM_RESERVATION("Conf No" INT IDENTITY(001,1) PRIMARY KEY,"Room No" SMALLINT FOREIGN KEY REFERENCES ROOMS("ROOM NO"),"Check-In Date" SMALLDATETIME, "Check-Out Date" SMALLDATETIME)
CREATE TABLE TOTALPAYMENT("Room No" SMALLINT FOREIGN KEY REFERENCES ROOMS("ROOM NO"), Price INT,"Days of Stay" INT)

INSERT INTO ROOMS VALUES('101','Executive Suite','Mid-Level Suite')
INSERT INTO ROOMS VALUES('102','Executive Suite','Mid-Level Suite')
INSERT INTO ROOMS VALUES('103','Executive Suite','Mid-Level Suite')
INSERT INTO ROOMS VALUES('104','Executive Suite','Mid-Level Suite')
INSERT INTO ROOMS VALUES('105','Executive Suite','Mid-Level Suite')
INSERT INTO ROOMS VALUES('106','Executive Suite','Mid-Level Suite')
INSERT INTO ROOMS VALUES('107','Presidential Suite','Staters Suite')
INSERT INTO ROOMS VALUES('108','Presidential Suite','Staters Suite')
INSERT INTO ROOMS VALUES('109','Presidential Suite','Staters Suite')
INSERT INTO ROOMS VALUES('110','Presidential Suite','Staters Suite')
INSERT INTO ROOMS VALUES('111','Presidential Suite','Staters Suite')
INSERT INTO ROOMS VALUES('112','Presidential Suite','Staters Suite')
INSERT INTO ROOMS VALUES('113','Luxury Suite','7Star Suite')
INSERT INTO ROOMS VALUES('114','Luxury Suite','7Star Suite')
INSERT INTO ROOMS VALUES('115','Luxury Suite','7Star Suite')
INSERT INTO ROOMS VALUES('116','Luxury Suite','7Star Suite')

INSERT INTO ROOMINFO VALUES('1','101','Cleaned','Adachi')
INSERT INTO ROOMINFO VALUES('1','102','Not-Cleaned','Aheam')
INSERT INTO ROOMINFO VALUES('1','103','Cleaned','Daniels')
INSERT INTO ROOMINFO VALUES('1','104','Not-Cleaned','Kim')
INSERT INTO ROOMINFO VALUES('2','105','Cleaned','Morgan')
INSERT INTO ROOMINFO VALUES('2','106','Not-Cleaned','Kim')
INSERT INTO ROOMINFO VALUES('2','107','Cleaned','Mukuji')
INSERT INTO ROOMINFO VALUES('2','108','Not-Cleaned','Smith')
INSERT INTO ROOMINFO VALUES('3','109','Cleaned','Thompson')
INSERT INTO ROOMINFO VALUES('3','110','Not-Cleaned','Taylor')
INSERT INTO ROOMINFO VALUES('3','111','Cleaned','Wright')
INSERT INTO ROOMINFO VALUES('3','112','Not-Cleaned','Lipsey')
INSERT INTO ROOMINFO VALUES('4','113','Cleaned','Smith')
INSERT INTO ROOMINFO VALUES('4','115','Cleaned','Lombardo')
INSERT INTO ROOMINFO VALUES('4','114','Not-Cleaned','Morgon')

INSERT INTO EMPLOYEES VALUES('E001','Shaheer Akber','Executive','11-C DHA','0324122222','shaheerakber67@qmail.com','44 532 333')
INSERT INTO EMPLOYEES VALUES('E002','Ali Aamir','HouseKeeping','1 Tread Road','0321234232','AliAamir@qmail.com','12 322 333')
INSERT INTO EMPLOYEES VALUES('E003','Jamila','HouseKeeping','765 University Rd Apt','0332323232','Jamila@qmail.com','34 562 883')
INSERT INTO EMPLOYEES VALUES('E004','Mahrukh','Manager','5508 Saddar Rd','033323232','Mahrukh@qmail.com','67 342 332')
INSERT INTO EMPLOYEES VALUES('E005','Neha','HouseKeeping','8808 Joviality  Drive','033312111','Neha@qmail.com','12 222 221')
INSERT INTO EMPLOYEES VALUES('E006','Bisma','Vice President','212 FTC Karachi','033321221','Bisma@qmail.com','11 342 112')


INSERT INTO USERLOGIN VALUES('admin','12345')
INSERT INTO USERLOGIN VALUES('employee','12345')
INSERT INTO USERLOGIN VALUES('frntoffice','12345')
INSERT INTO USERLOGIN VALUES('gm','12345')
INSERT INTO USERLOGIN VALUES('housekeeping','12345')